userId,pastorId,rating
1,80,3
1,73,3
1,46,3
1,51,5
1,79,2
1,41,4
1,76,2
1,75,2
1,57,3
1,49,3
2,66,4
2,41,4
2,59,3
2,57,5
2,1009,3
2,67,3
2,61,4
2,48,3
3,79,5
3,59,4
3,78,2
3,67,3
3,71,4
3,43,4
3,62,4
3,80,3
4,1010,4
4,65,3
4,67,4
4,70,5
4,44,3
4,55,3
5,79,3
5,69,3
5,44,4
5,77,5
5,1010,4
6,62,3
6,45,5
6,80,4
6,68,3
6,63,4
6,53,3
7,72,4
7,41,5
7,53,3
7,44,4
7,1010,4
7,68,4
7,57,4
8,73,2
8,1008,4
8,44,4
8,1009,4
8,41,5
8,72,3
9,59,3
9,71,4
9,46,4
9,45,3
9,52,5
9,51,5
9,1010,4
10,61,5
10,80,3
10,72,4
10,64,3
10,56,3
10,79,3
10,55,3
10,1009,3
10,43,4
11,45,3
11,42,3
11,46,3
11,1008,2
11,77,4
11,43,4
11,65,3
11,57,4
12,42,4
12,55,3
12,73,3
12,76,3
12,71,4
12,43,4
12,1008,3
13,48,3
13,45,5
13,63,4
13,41,5
13,65,4
13,71,3
14,66,5
14,45,4
14,64,2
14,41,5
14,75,2
14,1010,4
15,51,4
15,78,3
15,75,2
15,44,4
15,73,3
16,43,4
16,69,4
16,67,4
16,76,5
16,75,2
16,51,5
16,70,4
16,79,3
16,80,2
17,43,5
17,53,3
17,44,3
17,69,3
17,77,4
17,62,4
17,46,3
17,48,3
17,55,3
17,59,4
18,1008,3
18,49,2
18,51,5
18,77,5
18,66,3
18,45,5
18,56,4
18,80,1
19,59,2
19,72,5
19,45,5
19,49,4
19,61,4
19,80,3
19,44,4
19,76,3
19,69,3
20,72,3
20,70,5
20,57,5
20,53,3
20,56,3
21,53,3
21,77,2
21,1009,3
21,54,3
21,44,5
22,1009,4
22,44,5
22,43,4
22,1011,3
22,45,4
22,64,4
22,57,3
22,72,2
22,50,5
23,42,3
23,1011,2
23,80,3
23,1008,5
23,47,4
23,54,3
24,57,4
24,45,4
24,69,3
24,49,4
24,61,5
24,50,4
24,59,3
25,1010,5
25,47,5
25,45,4
25,59,3
25,58,2
25,79,3
25,41,4
26,76,3
26,73,4
26,70,4
26,78,3
26,69,3
27,51,3
27,1010,4
27,44,5
27,59,4
27,43,3
27,64,5
27,75,4
27,49,5
27,70,4
27,69,3
28,42,4
28,71,2
28,41,5
28,1010,4
28,57,4
28,55,3
28,70,4
28,61,3
29,43,5
29,65,2
29,46,3
29,45,4
29,79,3
30,75,3
30,57,5
30,66,3
30,76,2
30,70,4
30,68,3
30,55,4
30,63,3
31,77,3
31,74,2
31,57,4
31,70,4
31,41,4
31,54,4
31,78,3
31,64,4
31,63,3
32,57,5
32,53,2
32,64,2
32,1010,4
32,80,2
32,49,4
32,77,4
33,57,4
33,73,2
33,53,3
33,62,5
33,45,5
33,51,4
33,72,3
34,47,3
34,68,3
34,53,3
34,67,3
34,48,3
34,57,4
34,61,2
34,45,5
34,1010,4
35,73,4
35,58,3
35,1009,2
35,68,3
35,66,2
36,58,3
36,44,4
36,57,4
36,67,3
36,45,3
36,50,4
37,44,4
37,49,4
37,74,4
37,45,4
37,66,3
38,80,4
38,69,2
38,42,4
38,65,3
38,73,1
38,46,4
38,1010,3
39,69,3
39,70,3
39,63,3
39,1010,4
39,66,4
39,51,4
39,59,4
40,43,4
40,44,3
40,45,5
40,51,4
40,57,4
40,1009,2
40,49,3
40,80,3
41,45,5
41,49,1
41,1010,4
41,70,5
41,43,5
42,77,3
42,43,4
42,49,4
42,73,5
42,66,3
42,51,5
42,67,3
42,57,4
42,78,3
43,70,5
43,45,4
43,71,4
43,49,3
43,57,5
43,78,3
44,45,5
44,42,3
44,57,4
44,46,4
44,71,5
44,1009,5
44,49,3
44,64,4
44,59,5
44,43,4
45,49,3
45,76,4
45,57,4
45,1010,4
45,51,4
45,41,5
45,54,3
45,44,4
45,43,4
46,62,4
46,45,4
46,64,4
46,58,5
46,68,3
47,53,4
47,62,2
47,70,5
47,63,3
47,43,4
47,76,4
47,1009,3
48,57,3
48,1009,4
48,43,4
48,45,5
48,58,5
48,61,3
49,75,3
49,51,4
49,74,3
49,41,4
49,79,2
49,44,4
49,57,5
49,69,5
49,59,5
50,49,3
50,41,5
50,51,4
50,72,3
50,48,2
51,71,4
51,48,4
51,44,5
51,57,4
51,65,3
51,1010,4
51,70,5
52,43,3
52,51,5
52,1010,4
52,41,4
52,1009,4
52,66,3
53,44,4
53,76,3
53,55,2
53,74,4
53,80,3
53,1011,2
53,49,4
53,57,4
54,56,4
54,44,3
54,42,5
54,72,3
54,63,2
54,69,2
54,75,3
54,47,3
54,49,3
54,51,4
55,55,4
55,64,2
55,48,3
55,51,4
55,66,3
55,65,3
55,44,4
55,70,3
56,1011,3
56,1010,5
56,41,5
56,61,3
56,65,3
57,43,5
57,45,4
57,51,4
57,41,5
57,1009,4
57,56,3
57,70,3
57,42,3
57,53,3
58,67,5
58,43,4
58,44,4
58,1008,4
58,51,5
58,75,3
58,70,4
58,64,3
59,80,4
59,43,4
59,44,4
59,70,4
59,76,4
59,74,5
60,79,5
60,55,2
60,51,5
60,59,3
60,41,5
61,51,5
61,49,3
61,1010,4
61,59,3
61,43,5
61,41,4
61,1011,4
61,64,3
61,42,2
61,63,5
62,41,4
62,70,4
62,45,4
62,57,4
62,1010,4
62,62,3
62,42,4
62,56,4
62,69,4
62,50,4
63,78,4
63,50,3
63,75,4
63,70,5
63,51,4
63,65,4
63,1009,1
63,42,4
63,74,2
64,1010,4
64,80,4
64,75,3
64,45,5
64,79,3
64,76,3
64,64,4
65,44,4
65,41,5
65,48,4
65,45,4
65,64,3
65,56,4
65,69,3
65,54,3
65,58,3
65,62,2
66,44,5
66,1011,2
66,41,5
66,51,3
66,1010,4
66,46,3
66,43,4
66,57,5
66,69,5
66,56,4
67,43,4
67,63,3
67,73,3
67,71,2
67,48,4
67,1011,5
67,70,5
67,56,2
67,55,3
68,1009,3
68,51,3
68,70,5
68,55,3
68,1010,4
68,41,5
68,1011,4
68,63,2
69,1010,4
69,51,4
69,63,3
69,41,5
69,53,4
69,44,4
70,43,5
70,44,5
70,72,2
70,57,4
70,59,5
70,50,4
70,62,4
70,80,3
70,41,4
71,70,4
71,45,5
71,49,4
71,51,5
71,65,4
71,67,3
71,1009,3
72,68,3
72,50,3
72,43,4
72,57,4
72,79,3
73,1010,3
73,51,4
73,55,5
73,66,4
73,80,3
73,70,5
73,57,5
74,66,3
74,59,3
74,43,5
74,74,3
74,42,3
74,1010,4
74,79,4
74,51,5
75,57,4
75,58,3
75,1011,4
75,43,4
75,59,3
75,1008,2
76,45,4
76,43,4
76,70,4
76,50,3
76,1008,3
77,73,3
77,42,3
77,70,5
77,1009,2
77,1010,4
77,78,3
77,77,3
77,52,2
77,43,4
77,67,3
78,1008,3
78,45,3
78,41,4
78,80,2
78,65,2
78,69,5
78,71,4
78,43,3
78,58,4
78,44,5
79,45,4
79,55,4
79,62,3
79,70,4
79,1010,5
79,71,4
79,51,4
79,43,5
79,41,5
79,74,4
80,52,2
80,58,4
80,49,4
80,47,3
80,44,5
80,57,4
80,50,3
80,77,4
80,78,4
80,51,4
81,67,4
81,79,4
81,51,5
81,70,4
81,48,3
81,59,3
82,51,3
82,68,5
82,43,4
82,69,5
82,64,4
82,66,5
82,57,5
82,46,3
82,71,3
83,48,4
83,70,4
83,53,4
83,51,5
83,58,3
84,70,5
84,51,4
84,66,4
84,57,3
84,63,5
84,41,5
84,58,3
84,46,3
84,54,2
85,58,2
85,44,4
85,51,4
85,49,4
85,70,4
85,1011,4
86,76,2
86,72,2
86,44,4
86,50,4
86,1011,5
86,66,2
86,79,3
87,54,3
87,41,5
87,70,5
87,57,3
87,75,3
87,47,4
87,69,3
87,45,3
87,56,3
87,76,4
88,76,4
88,71,4
88,72,2
88,70,5
88,77,3
88,50,1
89,56,2
89,78,3
89,70,4
89,1011,3
89,46,3
89,59,5
89,43,5
89,54,3
89,1010,5
90,51,4
90,1011,3
90,46,2
90,1010,3
90,44,5
90,1008,5
90,76,4
91,61,4
91,1011,4
91,70,5
91,44,4
91,62,3
92,43,5
92,68,4
92,57,4
92,41,5
92,70,3
92,48,5
92,74,3
92,58,1
92,61,5
92,72,5
93,70,5
93,51,4
93,54,4
93,57,3
93,50,2
93,56,5
93,73,3
93,43,5
93,49,3
94,1011,5
94,70,5
94,41,4
94,50,3
94,75,3
94,1009,3
94,65,2
94,52,3
94,67,3
94,78,4
95,67,5
95,70,4
95,57,5
95,45,5
95,1010,4
95,61,4
95,43,4
95,47,3
95,41,4
95,48,3
96,49,3
96,62,4
96,46,4
96,78,2
96,76,4
96,51,5
96,41,4
97,57,5
97,48,3
97,51,5
97,73,2
97,77,4
97,44,4
97,45,3
97,54,3
97,63,2
98,49,4
98,43,4
98,51,4
98,70,4
98,41,4
98,47,5
98,80,3
98,78,2
98,67,3
98,64,4
99,54,4
99,51,4
99,53,4
99,66,5
99,58,4
100,72,3
100,78,3
100,75,3
100,69,2
100,70,4
100,44,4
101,72,3
101,73,5
101,44,4
101,67,3
101,77,4
101,41,4
101,45,4
102,70,4
102,47,4
102,71,3
102,43,4
102,1010,5
102,64,4
102,50,3
102,55,3
103,41,5
103,1010,4
103,50,3
103,62,3
103,52,5
103,42,3
104,69,5
104,74,4
104,73,4
104,41,4
104,46,3
104,61,3
105,1011,4
105,46,4
105,41,4
105,55,3
105,68,3
105,44,4
105,77,4
105,45,4
105,70,5
106,57,4
106,74,1
106,58,4
106,53,2
106,44,4
106,49,3
107,47,2
107,53,5
107,59,3
107,69,3
107,1010,4
107,78,4
107,56,4
107,57,5
107,55,4
108,65,4
108,43,3
108,80,4
108,54,4
108,1010,4
108,1008,1
109,51,4
109,45,5
109,41,4
109,58,4
109,43,4
110,51,4
110,78,3
110,1009,2
110,66,4
110,52,5
111,47,3
111,63,2
111,51,3
111,1009,4
111,45,4
112,1010,5
112,41,4
112,50,3
112,76,4
112,43,4
112,1009,2
112,77,3
112,44,4
113,80,4
113,52,4
113,70,5
113,58,3
113,49,3
114,50,4
114,75,2
114,43,4
114,71,4
114,77,3
114,1010,3
114,70,5
114,49,3
114,57,4
114,46,4
115,51,4
115,57,5
115,77,4
115,52,3
115,75,4
115,74,2
115,80,4
115,54,4
115,71,3
116,1010,3
116,61,4
116,44,4
116,76,3
116,56,2
116,70,3
116,62,4
116,42,3
116,75,3
117,51,5
117,43,5
117,73,4
117,56,4
117,63,4
117,50,4
117,52,4
117,72,4
118,43,4
118,1010,4
118,58,5
118,47,3
118,73,2
118,76,3
119,65,4
119,54,2
119,64,3
119,63,3
119,1008,1
119,76,4
119,71,4
119,1009,3
119,42,2
120,78,3
120,49,3
120,76,4
120,47,4
120,51,4
120,62,3
120,68,4
120,79,3
121,44,4
121,45,4
121,73,5
121,51,4
121,64,3
121,58,4
122,1008,5
122,79,2
122,59,3
122,53,2
122,57,4
122,45,4
122,58,3
122,47,3
122,44,4
122,41,4
123,1010,4
123,65,3
123,59,2
123,74,4
123,51,4
124,1010,5
124,41,4
124,50,3
124,64,5
124,70,5
124,73,3
124,54,2
124,46,3
125,70,5
125,67,3
125,51,4
125,43,4
125,45,5
125,74,4
125,77,2
126,67,4
126,69,5
126,44,4
126,65,2
126,52,3
126,43,4
126,57,3
126,51,4
127,74,3
127,41,5
127,77,3
127,1011,4
127,63,2
127,52,5
127,47,4
127,45,4
127,51,3
127,78,2
128,56,4
128,44,3
128,68,4
128,43,5
128,45,4
128,73,2
128,58,4
129,43,4
129,68,3
129,71,4
129,53,3
129,54,3
129,45,5
129,63,4
130,76,3
130,68,2
130,50,3
130,66,4
130,79,5
130,43,4
130,57,4
131,70,3
131,51,5
131,59,2
131,1010,5
131,67,4
131,42,3
131,43,4
132,51,5
132,58,2
132,57,5
132,69,3
132,46,1
132,41,4
132,43,4
132,45,5
133,67,4
133,58,3
133,51,4
133,48,3
133,70,4
134,70,4
134,71,3
134,51,4
134,77,4
134,54,4
135,44,5
135,1011,4
135,75,1
135,47,3
135,64,2
135,73,4
135,45,5
136,43,5
136,67,4
136,73,3
136,1008,3
136,52,3
136,1010,4
136,50,4
136,1009,2
136,45,4
137,73,5
137,49,2
137,45,5
137,64,3
137,51,4
138,57,3
138,65,5
138,42,4
138,50,3
138,1008,3
139,57,4
139,1009,4
139,79,5
139,54,4
139,42,3
139,1008,2
140,52,5
140,48,3
140,50,3
140,42,3
140,1010,5
140,41,4
141,71,2
141,58,3
141,1010,4
141,79,3
141,64,5
141,70,3
141,49,4
142,43,5
142,45,3
142,73,3
142,42,3
142,53,3
142,78,4
142,51,4
142,80,3
142,70,3
143,41,5
143,61,3
143,43,5
143,72,5
143,51,4
143,75,4
143,58,4
143,74,5
143,66,2
143,49,4
144,50,3
144,56,5
144,67,5
144,41,5
144,46,4
144,43,4
145,68,4
145,70,4
145,76,3
145,48,4
145,43,4
145,57,4
145,45,4
145,41,5
146,1010,5
146,1009,4
146,76,2
146,61,5
146,51,5
146,68,3
146,44,5
146,66,3
147,69,4
147,1009,3
147,80,3
147,41,3
147,49,3
148,46,3
148,48,4
148,1010,4
148,73,3
148,57,4
148,44,4
148,49,4
148,74,4
148,43,4
148,70,4
149,52,4
149,1008,3
149,1011,2
149,57,3
149,73,4
149,1009,4
149,48,3
150,70,5
150,77,4
150,44,4
150,47,3
150,65,1
150,1010,4
151,79,5
151,74,5
151,78,4
151,54,2
151,50,4
151,47,3
151,1009,3
151,52,3
152,43,4
152,74,4
152,45,4
152,57,4
152,68,3
152,44,3
153,62,3
153,70,4
153,44,4
153,57,4
153,75,4
153,46,3
153,77,3
153,64,2
153,68,4
154,80,1
154,44,4
154,72,3
154,70,5
154,41,4
154,1009,3
154,57,4
154,49,4
154,75,3
155,1010,5
155,68,4
155,1009,5
155,70,5
155,65,3
155,56,4
156,54,4
156,50,3
156,67,5
156,75,5
156,66,2
156,69,4
156,48,4
156,53,4
156,77,4
156,1010,4
157,46,4
157,70,3
157,48,3
157,75,3
157,56,3
157,1011,3
157,67,4
157,72,3
158,79,4
158,67,4
158,56,4
158,70,4
158,47,4
158,69,4
158,62,5
158,48,3
158,41,4
159,80,5
159,57,4
159,44,3
159,1010,4
159,46,3
159,66,3
159,48,1
159,76,4
159,45,5
159,56,2
160,63,5
160,45,4
160,66,3
160,50,4
160,59,2
160,57,3
160,1009,3
160,75,3
160,55,3
160,77,4
161,45,3
161,43,4
161,42,3
161,69,4
161,51,4
161,57,4
161,1010,5
161,67,4
162,45,4
162,42,5
162,80,5
162,55,3
162,59,5
162,1010,4
162,46,4
163,44,5
163,65,4
163,74,4
163,57,5
163,66,3
163,68,4
163,41,4
163,47,3
163,1011,4
164,62,4
164,57,4
164,41,4
164,49,2
164,1010,5
165,59,4
165,1008,4
165,51,4
165,43,4
165,41,5
165,80,4
165,44,3
165,65,4
165,78,3
166,1011,4
166,76,4
166,48,4
166,45,3
166,61,2
166,64,4
166,79,4
167,44,5
167,51,4
167,70,5
167,43,4
167,68,2
167,72,5
167,73,5
168,45,5
168,61,4
168,48,4
168,56,4
168,77,4
169,79,4
169,70,3
169,1010,4
169,69,4
169,1008,3
169,62,4
169,77,5
169,43,5
170,55,2
170,77,2
170,56,2
170,51,4
170,49,3
170,46,4
170,44,5
171,51,4
171,45,3
171,47,3
171,70,5
171,41,5
171,79,3
172,51,5
172,57,4
172,1008,4
172,62,2
172,77,2
172,67,4
172,63,4
172,58,2
172,70,5
173,72,2
173,69,4
173,50,3
173,78,2
173,57,4
173,42,5
173,43,4
173,46,3
173,66,5
174,74,3
174,41,4
174,44,4
174,64,4
174,1010,4
175,47,2
175,43,4
175,63,4
175,57,4
175,70,4
175,67,3
175,1010,4
176,67,5
176,43,4
176,61,3
176,46,3
176,66,4
176,1010,4
177,70,4
177,63,4
177,66,4
177,64,5
177,1010,3
178,74,4
178,50,3
178,66,3
178,42,4
178,45,4
178,54,3
178,43,5
178,56,5
178,47,2
179,66,5
179,58,4
179,49,3
179,63,3
179,67,3
179,41,4
179,51,4
179,79,3
179,43,5
180,50,4
180,74,3
180,43,5
180,57,4
180,59,3
180,80,2
181,55,3
181,52,3
181,73,4
181,43,4
181,76,3
182,55,4
182,42,2
182,43,4
182,57,3
182,76,4
182,45,3
182,58,4
182,1010,4
182,79,3
183,62,3
183,45,4
183,76,4
183,41,4
183,1009,3
183,68,4
183,63,2
183,55,3
183,42,5
184,71,4
184,61,3
184,70,5
184,1011,2
184,44,4
184,57,5
184,45,4
184,53,3
184,1008,4
185,44,4
185,61,4
185,43,4
185,80,4
185,45,4
185,69,3
185,68,2
185,51,5
185,46,4
186,70,5
186,58,3
186,51,4
186,41,5
186,61,4
186,67,3
186,57,5
187,55,3
187,70,4
187,1010,3
187,65,3
187,64,2
187,43,4
187,47,4
188,79,4
188,44,3
188,1010,3
188,56,5
188,54,4
188,59,2
188,57,4
188,70,4
188,48,2
188,45,3
189,41,4
189,54,3
189,73,3
189,61,2
189,69,3
190,41,5
190,49,2
190,65,4
190,1010,4
190,66,2
190,50,3
190,1011,3
190,54,4
190,46,4
191,57,4
191,67,3
191,51,4
191,43,4
191,77,5
191,45,3
191,58,4
192,47,3
192,72,4
192,76,4
192,58,4
192,46,3
192,67,3
193,43,5
193,80,3
193,54,4
193,70,4
193,56,4
193,72,4
194,49,4
194,79,2
194,52,2
194,43,5
194,67,3
195,75,2
195,59,3
195,1008,4
195,41,4
195,46,3
195,45,4
195,66,3
195,71,4
196,43,4
196,79,4
196,53,5
196,80,2
196,66,5
196,56,3
196,69,4
196,47,1
196,48,4
196,78,3
197,80,2
197,51,5
197,1011,4
197,76,3
197,77,3
197,46,3
197,72,3
197,74,3
198,45,4
198,44,5
198,49,4
198,1010,4
198,53,3
198,43,4
199,75,2
199,58,3
199,78,3
199,68,4
199,70,4
199,47,4
200,75,4
200,57,4
200,73,4
200,45,4
200,68,2
200,41,4
201,56,3
201,66,4
201,80,4
201,70,4
201,45,5
201,63,3
201,41,4
201,44,4
202,69,3
202,68,3
202,41,5
202,79,3
202,44,5
202,45,5
202,59,4
202,64,4
203,56,5
203,57,5
203,51,4
203,45,5
203,48,4
203,80,4
203,1010,4
203,78,3
203,54,5
203,72,4
204,56,3
204,57,4
204,1008,3
204,1009,4
204,51,3
204,50,3
204,68,4
204,44,4
205,65,4
205,51,4
205,75,2
205,66,3
205,44,4
205,55,3
205,58,2
206,54,4
206,45,4
206,80,5
206,62,4
206,46,3
206,43,5
206,56,3
206,58,3
206,73,2
207,44,5
207,72,4
207,1010,3
207,63,3
207,68,4
207,51,4
207,45,5
208,1010,4
208,74,4
208,1008,5
208,65,4
208,72,2
208,41,4
208,64,3
208,45,5
208,71,4
209,43,4
209,70,4
209,1008,3
209,72,3
209,59,4
209,67,5
209,71,2
209,63,3
209,52,3
209,78,3
210,41,4
210,57,5
210,74,3
210,80,4
210,53,3
210,63,2
211,78,3
211,49,5
211,62,2
211,70,4
211,44,5
211,1010,4
211,41,4
211,68,4
211,67,5
211,77,3
212,41,5
212,1009,4
212,79,4
212,73,4
212,54,4
212,49,4
213,59,3
213,73,4
213,54,3
213,48,5
213,1008,4
213,77,3
213,70,4
214,54,3
214,70,5
214,52,3
214,75,4
214,1008,3
214,44,5
214,53,2
214,45,4
215,52,4
215,77,2
215,63,4
215,65,3
215,48,2
216,50,4
216,51,4
216,44,4
216,65,3
216,73,5
216,61,2
216,62,3
216,43,4
217,79,4
217,47,5
217,55,3
217,1008,1
217,1010,5
217,72,3
217,74,4
217,45,4
218,1008,5
218,45,4
218,51,3
218,1011,3
218,43,4
219,44,5
219,55,4
219,41,5
219,70,5
219,65,5
219,49,5
219,1010,4
219,51,4
219,43,5
219,57,5
220,48,4
220,77,4
220,52,3
220,56,3
220,57,3
220,46,3
220,76,2
220,1010,4
221,64,4
221,57,4
221,1010,4
221,69,3
221,70,4
222,1009,3
222,1011,3
222,65,3
222,44,5
222,57,3
222,54,3
222,45,5
222,43,4
222,68,4
222,76,3
223,79,2
223,45,4
223,57,4
223,1010,4
223,66,4
223,51,5
223,1011,4
223,63,2
223,69,1
223,73,3
224,54,2
224,69,2
224,1010,4
224,64,4
224,74,4
224,80,5
224,72,3
224,58,3
224,45,3
224,70,4
225,74,3
225,51,4
225,56,4
225,44,3
225,48,3
225,64,5
225,50,3
225,69,2
225,1009,3
225,67,5
226,50,3
226,55,3
226,54,4
226,65,4
226,61,4
227,43,4
227,75,4
227,56,2
227,54,3
227,77,3
227,68,4
227,1010,3
227,79,3
227,44,3
228,50,3
228,56,3
228,77,4
228,59,2
228,65,4
228,43,4
228,42,4
228,1010,4
228,51,5
228,54,3
229,51,4
229,58,3
229,70,4
229,41,4
229,1011,3
229,56,4
230,77,3
230,70,4
230,43,5
230,52,5
230,51,3
230,57,5
231,70,4
231,55,3
231,57,3
231,45,4
231,78,3
231,64,5
231,56,4
231,73,3
231,1008,4
231,44,3
232,45,5
232,47,4
232,66,4
232,55,3
232,51,4
232,59,3
233,45,5
233,1010,5
233,47,3
233,70,4
233,1008,4
233,69,5
233,1011,5
234,64,4
234,55,2
234,73,4
234,57,4
234,79,4
234,72,2
234,58,3
234,52,4
234,46,3
235,44,4
235,57,4
235,45,5
235,70,3
235,56,4
235,69,4
235,61,2
236,51,4
236,74,1
236,78,4
236,63,3
236,52,4
236,68,4
237,45,4
237,53,2
237,62,4
237,1010,4
237,44,4
237,43,4
238,44,4
238,69,4
238,52,3
238,68,3
238,48,3
238,43,5
238,45,4
238,49,2
239,41,4
239,57,3
239,65,5
239,42,4
239,64,5
240,49,4
240,65,3
240,51,4
240,48,5
240,41,5
240,69,3
240,43,3
240,50,4
241,59,4
241,1011,4
241,63,3
241,57,4
241,80,2
241,42,3
241,74,4
241,1010,5
241,41,5
241,64,4
242,41,4
242,56,2
242,49,2
242,52,2
242,44,3
242,51,5
243,80,3
243,47,3
243,43,5
243,68,3
243,70,4
243,58,4
243,51,5
243,52,4
244,1011,5
244,49,3
244,71,3
244,1008,4
244,80,5
245,75,5
245,43,4
245,61,5
245,46,2
245,73,3
245,64,4
245,1010,5
246,50,4
246,48,3
246,44,4
246,51,5
246,59,3
246,80,2
246,1010,4
246,63,2
246,70,4
246,45,5
247,51,4
247,70,3
247,58,5
247,71,3
247,44,4
247,54,3
247,78,4
247,47,2
247,80,3
248,1010,5
248,50,4
248,79,4
248,62,3
248,45,4
248,44,4
249,57,5
249,44,4
249,1009,3
249,64,3
249,66,5
249,62,4
249,46,3
249,45,3
249,41,4
250,57,4
250,70,5
250,51,3
250,69,3
250,41,5
250,62,3
250,1008,3
250,1010,3
251,70,5
251,46,4
251,80,3
251,45,5
251,50,3
251,44,4
251,51,4
251,65,2
251,49,3
252,41,4
252,68,3
252,71,3
252,55,3
252,58,3
253,70,4
253,57,4
253,59,4
253,50,4
253,44,4
253,75,3
253,74,4
253,51,4
254,74,4
254,42,3
254,62,3
254,57,5
254,55,3
255,44,4
255,43,5
255,49,4
255,70,5
255,66,2
255,53,4
255,57,5
255,51,5
255,1010,4
256,65,5
256,49,2
256,41,5
256,64,3
256,51,3
256,77,3
257,45,5
257,43,4
257,47,4
257,46,5
257,69,4
257,48,4
257,41,5
258,79,5
258,51,5
258,61,4
258,57,4
258,43,5
258,41,5
259,62,4
259,74,4
259,41,5
259,52,3
259,57,3
259,64,5
259,44,4
259,70,5
259,75,4
260,43,4
260,45,4
260,50,4
260,78,5
260,77,2
260,1010,4
260,54,3
261,1008,4
261,79,3
261,41,5
261,58,2
261,47,4
261,57,5
261,43,4
262,58,4
262,45,4
262,1010,3
262,57,3
262,53,5
262,79,1
262,43,4
263,49,4
263,61,4
263,58,5
263,50,3
263,47,2
263,52,4
263,71,5
264,70,4
264,80,5
264,48,3
264,75,3
264,51,3
264,55,4
264,44,4
265,45,5
265,61,2
265,77,2
265,44,3
265,57,4
265,58,4
265,62,4
265,70,4
266,44,4
266,79,3
266,49,3
266,55,4
266,80,3
266,45,4
266,1008,1
266,46,3
266,43,3
267,57,3
267,68,2
267,47,4
267,71,2
267,1011,2
267,43,4
267,51,4
267,79,3
267,78,4
268,43,4
268,74,4
268,41,4
268,1011,3
268,80,5
268,45,5
268,53,2
268,48,3
268,44,4
269,77,3
269,43,4
269,56,2
269,52,4
269,80,3
269,44,4
269,68,2
269,51,4
270,44,4
270,74,4
270,41,4
270,45,4
270,73,4
270,1010,4
270,57,4
271,63,3
271,61,4
271,65,3
271,44,4
271,42,4
271,52,3
272,41,4
272,57,4
272,47,5
272,51,4
272,43,3
272,44,4
272,68,2
272,45,4
272,1009,4
273,68,5
273,45,4
273,56,3
273,1009,3
273,51,4
273,66,4
273,65,3
274,70,4
274,1010,4
274,51,4
274,49,4
274,44,4
275,57,4
275,76,4
275,42,4
275,45,5
275,1010,5
275,43,5
276,62,2
276,57,4
276,77,3
276,43,5
276,47,4
276,63,3
276,41,4
276,1010,3
276,51,4
276,74,4
277,70,3
277,56,4
277,50,3
277,44,4
277,51,4
278,42,5
278,62,4
278,68,4
278,43,3
278,1010,4
278,44,4
278,48,4
278,71,4
278,51,4
278,79,5
279,70,5
279,45,4
279,51,4
279,1009,3
279,57,4
280,41,4
280,43,5
280,70,4
280,53,3
280,77,3
280,61,2
280,52,2
280,64,3
280,56,5
280,59,4
281,70,4
281,80,3
281,64,2
281,1010,5
281,54,2
281,53,2
282,63,4
282,1008,3
282,74,2
282,78,3
282,41,4
282,67,4
282,51,5
282,79,1
283,51,4
283,57,4
283,1010,3
283,79,3
283,70,5
283,50,5
283,76,3
284,43,4
284,65,2
284,70,5
284,72,3
284,78,3
284,50,1
284,44,5
284,76,4
285,79,3
285,49,3
285,52,3
285,67,1
285,64,3
286,70,5
286,49,2
286,42,2
286,41,5
286,48,3
286,45,4
286,56,3
286,44,4
286,51,5
287,69,3
287,78,3
287,43,4
287,50,4
287,41,4
287,61,5
287,66,2
287,48,3
287,42,4
287,57,3
288,73,3
288,56,4
288,50,1
288,1011,2
288,79,2
288,48,5
288,63,3
288,45,4
288,57,4
289,61,4
289,54,4
289,65,3
289,51,4
289,1010,4
289,46,4
289,76,4
289,49,3
289,68,5
290,47,5
290,68,4
290,1011,2
290,55,4
290,51,4
291,44,3
291,62,2
291,45,4
291,41,5
291,77,4
291,78,3
291,51,5
292,51,5
292,1009,4
292,1008,3
292,45,4
292,70,5
292,44,3
292,50,3
292,43,4
292,68,2
292,71,5
293,47,4
293,72,4
293,55,4
293,70,4
293,46,3
293,1010,4
294,65,2
294,48,3
294,51,4
294,47,4
294,57,4
294,68,4
294,71,3
294,70,5
295,80,3
295,73,2
295,51,4
295,70,5
295,53,3
295,67,2
295,56,4
295,1008,2
295,57,3
295,76,4
296,56,4
296,76,3
296,73,3
296,78,2
296,57,3
297,1008,2
297,43,4
297,45,5
297,77,2
297,56,3
297,46,4
297,74,3
297,47,3
298,57,3
298,67,2
298,63,4
298,69,2
298,70,5
298,49,4
298,41,4
299,70,4
299,1010,4
299,44,4
299,73,3
299,49,4
299,42,5
299,56,2
300,51,5
300,41,4
300,45,5
300,48,3
300,69,5
300,53,4
301,51,3
301,46,3
301,79,5
301,70,5
301,75,3
301,47,5
301,71,4
301,43,5
301,68,4
302,41,4
302,51,4
302,45,4
302,1010,4
302,44,4
302,43,4
302,73,5
303,62,3
303,69,3
303,1010,5
303,77,3
303,64,3
303,51,4
303,44,4
303,45,5
304,1010,4
304,72,3
304,57,5
304,44,5
304,77,4
304,80,3
304,73,4
304,50,4
304,54,4
305,55,3
305,49,4
305,73,5
305,58,3
305,43,5
305,67,5
305,1011,4
306,70,5
306,66,4
306,54,4
306,74,3
306,67,3
306,46,4
306,58,3
307,56,4
307,77,3
307,1010,4
307,43,5
307,53,4
307,62,1
307,79,3
308,57,4
308,68,4
308,63,5
308,64,4
308,71,2
308,44,4
308,72,3
308,67,3
309,62,3
309,1008,2
309,76,5
309,43,4
309,44,4
309,55,3
309,61,3
309,68,3
309,63,3
309,79,3
310,43,3
310,76,3
310,57,4
310,1010,5
310,78,4
310,42,3
310,68,5
310,49,3
310,70,3
310,48,1
311,44,5
311,69,3
311,45,4
311,79,5
311,65,3
311,78,4
311,61,3
311,58,3
312,67,4
312,76,3
312,1009,4
312,45,4
312,78,3
312,44,4
312,41,4
312,51,4
312,50,3
312,73,4
313,45,5
313,51,4
313,59,4
313,43,5
313,56,4
314,74,3
314,55,3
314,41,4
314,79,3
314,43,4
314,50,4
314,48,4
314,56,2
314,47,3
315,57,4
315,74,4
315,67,4
315,75,3
315,53,5
315,72,4
316,56,4
316,65,4
316,76,5
316,42,5
316,69,2
316,51,4
316,41,4
316,67,4
316,44,5
317,51,4
317,50,4
317,70,4
317,43,4
317,41,4
317,1009,4
317,52,3
317,75,4
318,51,4
318,1010,4
318,76,3
318,70,4
318,47,3
318,72,4
318,61,3
318,44,4
318,54,3
319,46,4
319,66,2
319,78,4
319,76,3
319,71,4
319,70,5
319,53,4
319,42,5
320,42,5
320,1010,4
320,41,5
320,70,4
320,77,3
321,80,3
321,67,3
321,65,4
321,45,4
321,46,4
321,1010,4
322,72,2
322,1010,4
322,1011,2
322,52,3
322,42,3
322,51,3
322,43,4
322,53,4
323,52,3
323,79,3
323,1008,4
323,70,4
323,65,4
323,42,3
323,1009,3
323,69,3
323,66,2
323,77,3
324,78,4
324,64,5
324,51,5
324,75,4
324,68,3
325,70,5
325,51,5
325,42,3
325,55,3
325,1010,4
325,71,4
326,55,4
326,52,4
326,50,4
326,79,3
326,73,3
326,58,3
326,1010,5
326,69,5
327,47,4
327,1009,4
327,1008,3
327,57,4
327,55,5
327,44,4
327,1010,5
328,51,4
328,59,4
328,1010,5
328,75,1
328,61,4
328,77,2
328,42,4
329,59,3
329,77,2
329,53,3
329,73,3
329,41,4
329,57,4
329,51,4
329,48,4
329,56,3
329,64,2
330,46,4
330,62,4
330,42,3
330,55,4
330,41,5
330,49,4
330,1010,4
330,64,4
330,66,5
330,70,4
331,75,3
331,73,3
331,69,3
331,41,4
331,56,4
331,47,5
331,59,5
331,44,5
332,1010,4
332,57,4
332,70,4
332,53,3
332,78,4
332,51,5
332,45,3
332,44,4
333,43,5
333,51,5
333,72,2
333,44,3
333,57,4
333,41,4
333,70,4
333,78,3
334,74,2
334,79,4
334,78,4
334,63,3
334,44,4
335,1010,5
335,45,3
335,68,4
335,41,4
335,69,3
335,42,3
335,55,4
335,78,4
335,52,3
336,45,4
336,58,2
336,50,4
336,51,5
336,41,4
336,72,4
336,67,3
336,57,5
336,70,4
337,58,4
337,43,5
337,71,2
337,68,4
337,76,4
337,44,4
337,42,3
337,41,5
337,53,5
338,57,5
338,45,5
338,41,5
338,1010,4
338,76,3
338,65,3
339,62,2
339,1010,5
339,74,2
339,45,3
339,44,4
339,49,4
339,70,4
339,53,2
340,50,4
340,58,4
340,51,3
340,44,4
340,1010,4
340,46,3
341,53,4
341,70,4
341,72,4
341,49,3
341,47,5
341,67,1
341,55,2
342,74,3
342,78,5
342,1010,4
342,44,4
342,43,5
342,51,5
342,1008,5
342,67,5
343,66,3
343,45,5
343,53,2
343,68,3
343,72,4
344,76,5
344,53,4
344,59,1
344,63,3
344,52,4
344,41,4
344,72,3
345,55,4
345,43,4
345,50,4
345,1009,4
345,1010,4
345,48,4
345,41,5
345,70,5
345,44,4
346,42,4
346,45,4
346,1010,4
346,57,5
346,44,4
346,68,4
346,53,2
347,70,5
347,52,4
347,55,4
347,41,4
347,47,4
347,73,2
347,58,5
347,78,4
348,43,4
348,1010,4
348,77,3
348,57,4
348,55,2
348,46,5
348,75,2
348,78,3
348,61,3
348,76,3
349,45,5
349,70,4
349,44,4
349,72,3
349,1010,4
349,66,3
349,41,4
349,71,3
349,57,3
350,69,4
350,43,4
350,44,5
350,41,4
350,54,2
350,66,3
350,78,3
350,57,5
350,49,3
351,41,5
351,51,4
351,71,3
351,45,4
351,73,3
351,56,4
351,50,2
351,44,3
351,1008,4
352,70,4
352,41,5
352,49,2
352,45,4
352,78,3
352,65,4
352,69,3
352,43,4
353,68,5
353,43,4
353,73,4
353,70,4
353,53,3
353,59,4
353,58,3
354,59,3
354,45,4
354,72,2
354,74,3
354,69,3
354,70,4
355,57,3
355,73,4
355,71,3
355,65,3
355,43,4
355,47,5
356,73,2
356,1010,4
356,57,5
356,51,4
356,44,4
356,62,4
356,70,4
356,41,4
357,57,5
357,51,5
357,70,4
357,69,4
357,1011,4
357,43,4
357,73,4
357,48,5
357,58,4
357,41,4
358,62,4
358,66,4
358,41,5
358,54,3
358,74,4
358,68,4
358,80,3
358,51,4
358,57,4
358,47,3
359,51,4
359,59,5
359,67,3
359,1010,5
359,76,5
359,43,5
359,66,5
359,78,4
359,70,4
359,44,5
360,41,4
360,63,2
360,70,4
360,47,4
360,42,5
360,55,4
360,76,5
361,54,4
361,44,4
361,59,2
361,1011,3
361,80,3
361,43,5
361,52,5
362,69,3
362,41,4
362,46,3
362,51,4
362,48,2
362,54,2
362,42,5
362,80,4
362,1010,4
363,59,3
363,1009,4
363,44,5
363,42,2
363,43,4
364,74,3
364,45,4
364,52,2
364,55,3
364,70,3
365,57,4
365,72,5
365,59,3
365,66,3
365,44,4
365,46,3
365,45,5
365,61,4
365,69,4
365,74,1
366,51,5
366,46,4
366,70,4
366,1008,5
366,45,4
366,78,3
366,64,2
366,1010,5
366,56,4
366,80,4
367,48,4
367,63,3
367,64,3
367,72,2
367,1010,4
367,1009,4
367,59,3
367,45,4
368,77,5
368,68,2
368,73,4
368,1009,3
368,54,4
368,72,3
368,50,3
368,58,4
369,73,5
369,71,4
369,64,3
369,68,5
369,70,4
369,61,3
369,65,4
370,43,4
370,74,5
370,45,4
370,73,2
370,52,4
371,57,4
371,69,4
371,50,4
371,54,4
371,63,4
371,51,2
371,44,4
371,1008,3
372,41,4
372,78,4
372,43,4
372,70,3
372,50,3
372,61,3
372,1009,2
373,1010,3
373,45,5
373,46,3
373,77,3
373,59,3
373,47,3
373,41,5
373,69,4
373,71,3
374,47,3
374,56,5
374,1009,4
374,67,4
374,43,4
374,57,5
374,41,4
374,1010,3
374,1008,4
374,45,3
375,44,5
375,68,5
375,69,4
375,74,3
375,41,4
375,79,4
375,65,4
376,1008,3
376,1010,5
376,1011,3
376,73,3
376,51,4
376,66,3
376,69,4
377,1011,4
377,54,4
377,75,3
377,43,3
377,44,4
377,72,2
377,66,4
377,77,3
377,64,5
378,41,5
378,55,3
378,76,4
378,45,5
378,68,2
378,70,5
378,44,5
379,45,5
379,66,3
379,64,3
379,42,4
379,53,4
379,1009,2
379,61,4
379,68,2
379,57,4
379,1008,4
380,1010,4
380,1008,4
380,44,4
380,57,5
380,48,4
380,70,4
380,47,4
381,51,5
381,52,3
381,70,4
381,45,5
381,43,5
381,1009,3
382,77,3
382,44,5
382,1010,4
382,63,3
382,73,5
382,57,4
382,56,4
383,1008,2
383,59,3
383,68,3
383,67,3
383,74,4
383,77,4
383,70,4
383,41,5
384,64,2
384,44,5
384,79,2
384,65,4
384,57,4
385,45,4
385,76,4
385,55,3
385,66,3
385,54,5
385,62,2
386,54,4
386,73,2
386,59,4
386,51,4
386,45,4
386,70,4
386,72,4
386,43,4
386,65,3
387,54,2
387,47,1
387,45,4
387,70,4
387,67,2
388,66,2
388,1008,3
388,47,3
388,1010,5
388,58,2
388,67,3
388,49,4
388,70,5
388,65,4
388,76,4
389,69,2
389,76,5
389,51,5
389,41,5
389,55,3
389,45,4
389,47,4
389,71,4
389,68,4
390,44,4
390,51,5
390,70,3
390,63,4
390,41,5
390,48,2
390,68,2
390,56,4
390,49,2
390,54,3
391,53,1
391,45,5
391,55,3
391,63,3
391,44,5
391,41,4
391,71,5
392,1010,5
392,70,4
392,44,4
392,57,4
392,41,5
392,55,4
392,61,3
392,75,2
392,51,5
392,68,2
393,70,5
393,52,3
393,59,3
393,71,5
393,58,3
393,67,3
393,45,4
394,49,3
394,70,3
394,57,4
394,75,4
394,51,5
395,70,4
395,45,4
395,43,4
395,57,4
395,63,2
395,48,4
395,72,3
396,46,4
396,1010,4
396,61,3
396,63,2
396,49,2
396,54,4
397,43,5
397,63,3
397,52,3
397,70,4
397,59,4
397,71,4
397,44,4
397,78,4
398,78,2
398,70,4
398,77,3
398,41,4
398,1010,5
398,1009,2
398,59,3
398,45,4
399,80,3
399,61,2
399,41,5
399,53,3
399,70,5
399,78,3
399,45,4
399,65,2
399,43,5
399,1008,5
400,49,4
400,68,4
400,62,3
400,63,2
400,61,3
400,1010,5
401,69,3
401,63,3
401,71,4
401,53,3
401,1010,4
402,67,4
402,61,4
402,52,3
402,56,4
402,50,4
402,66,5
402,78,2
402,65,4
403,55,4
403,1010,4
403,70,4
403,43,4
403,76,5
403,44,4
403,1011,3
404,70,4
404,1010,4
404,42,5
404,43,4
404,74,3
404,78,2
404,44,5
404,80,2
404,57,5
404,51,5
405,75,3
405,1010,4
405,55,2
405,57,4
405,53,5
405,78,3
405,56,4
405,66,3
406,57,4
406,69,4
406,49,3
406,64,2
406,45,4
407,41,4
407,61,4
407,57,4
407,1009,4
407,69,4
407,73,4
407,53,2
407,80,3
407,76,4
408,74,3
408,56,3
408,68,3
408,71,2
408,43,4
408,42,2
408,77,5
409,70,4
409,63,5
409,69,3
409,50,5
409,58,5
409,43,3
409,41,4
410,71,3
410,41,5
410,57,3
410,48,4
410,62,5
410,56,4
410,79,2
410,80,5
410,72,3
410,75,1
411,61,4
411,70,3
411,64,2
411,57,4
411,67,4
411,75,3
411,63,1
411,69,3
411,45,3
411,44,5
412,74,5
412,59,3
412,62,4
412,45,4
412,44,4
412,72,3
412,42,3
413,72,2
413,64,4
413,54,3
413,1010,5
413,47,2
413,63,4
413,1009,2
413,61,4
413,52,2
413,70,4
414,73,3
414,56,2
414,45,4
414,52,3
414,74,5
414,41,5
414,79,5
414,1010,5
414,77,3
415,44,5
415,41,4
415,65,3
415,1010,4
415,43,4
415,49,4
416,72,3
416,74,3
416,1010,5
416,65,3
416,44,4
416,43,4
416,68,3
417,78,2
417,59,3
417,50,2
417,1009,2
417,68,3
417,77,4
417,47,4
418,61,3
418,54,3
418,41,5
418,44,4
418,50,4
418,70,4
418,46,4
419,71,2
419,80,3
419,43,4
419,59,5
419,57,4
419,46,5
419,63,3
419,1010,4
420,57,4
420,45,3
420,46,3
420,63,2
420,51,4
420,49,3
420,61,2
420,41,5
420,78,5
420,43,5
421,77,3
421,59,3
421,54,4
421,66,5
421,43,4
421,1008,3
421,44,4
421,72,3
421,57,4
422,45,4
422,1010,4
422,73,3
422,52,2
422,63,3
422,80,4
422,69,2
422,50,4
423,43,3
423,48,4
423,79,3
423,41,5
423,76,4
423,70,5
423,58,2
424,43,5
424,51,5
424,63,3
424,77,2
424,42,5
424,67,4
424,71,4
424,80,2
424,70,4
425,63,4
425,45,5
425,59,3
425,41,4
425,64,3
425,1010,5
425,70,4
425,69,3
425,51,4
425,75,4
426,41,4
426,43,5
426,49,2
426,45,4
426,70,3
426,44,4
426,65,3
427,74,4
427,1009,3
427,44,4
427,41,4
427,51,4
427,72,3
428,41,5
428,76,4
428,59,4
428,70,4
428,68,3
428,61,4
428,51,4
429,65,4
429,1010,4
429,49,4
429,66,2
429,59,4
430,1010,5
430,70,3
430,41,4
430,1011,3
430,62,4
430,64,4
430,59,4
431,44,4
431,59,4
431,51,5
431,45,5
431,71,3
432,58,3
432,57,4
432,64,3
432,63,3
432,1009,4
433,72,5
433,43,5
433,41,4
433,49,2
433,59,3
433,67,4
433,51,5
433,64,3
433,1010,4
434,51,4
434,74,3
434,1010,3
434,63,2
434,57,4
434,69,3
435,1010,5
435,70,4
435,54,4
435,1011,5
435,43,4
435,52,5
435,80,1
435,74,5
435,45,4
436,46,3
436,55,3
436,1010,4
436,45,4
436,43,4
437,72,4
437,51,4
437,44,4
437,1010,5
437,47,4
437,53,4
437,1009,4
437,42,2
437,75,4
437,62,3
438,47,3
438,51,4
438,77,3
438,57,4
438,75,3
438,1011,4
438,80,2
438,72,3
439,69,4
439,52,3
439,76,3
439,58,4
439,48,3
440,1009,4
440,76,4
440,64,4
440,52,3
440,45,3
440,65,4
441,1010,4
441,44,5
441,51,5
441,59,2
441,43,4
441,65,4
441,80,4
442,57,3
442,63,3
442,41,5
442,75,2
442,42,3
442,1010,4
442,76,4
442,79,4
443,49,3
443,79,4
443,73,3
443,42,4
443,1009,5
443,70,4
443,67,3
444,73,2
444,45,5
444,46,4
444,41,5
444,43,4
444,54,2
445,1010,5
445,41,4
445,51,5
445,45,3
445,1008,3
445,72,2
445,43,4
446,65,5
446,43,3
446,75,2
446,74,4
446,70,3
447,57,4
447,79,4
447,70,3
447,43,4
447,54,3
447,77,2
447,58,2
447,63,4
448,64,2
448,56,4
448,55,4
448,80,3
448,43,5
448,63,3
448,44,5
448,54,3
448,79,3
449,1011,4
449,1010,4
449,57,4
449,49,3
449,70,3
450,57,4
450,41,4
450,50,4
450,1011,2
450,73,4
450,42,5
451,49,3
451,61,3
451,67,3
451,51,4
451,76,2
451,72,1
451,69,4
451,47,5
451,70,3
451,44,4
452,64,4
452,58,4
452,41,5
452,70,4
452,59,4
452,69,2
452,1009,4
453,57,4
453,49,3
453,51,4
453,1008,4
453,45,5
454,41,5
454,1010,4
454,57,4
454,45,5
454,1008,3
454,56,4
454,70,4
454,72,3
454,1011,3
454,62,2
455,78,4
455,80,4
455,51,3
455,54,4
455,55,2
455,49,3
455,1010,5
456,67,4
456,1011,3
456,1008,3
456,71,4
456,54,2
457,75,3
457,43,4
457,51,4
457,1010,5
457,68,3
457,78,2
458,44,4
458,67,3
458,68,2
458,78,4
458,50,3
459,51,4
459,47,3
459,79,3
459,44,4
459,55,3
460,49,4
460,70,5
460,44,4
460,1011,4
460,61,4
460,1010,4
460,66,4
460,78,3
460,57,4
460,46,2
461,70,4
461,56,2
461,72,3
461,59,3
461,53,3
461,47,3
461,75,4
461,1009,4
462,78,4
462,65,5
462,41,4
462,70,4
462,61,4
462,47,3
462,44,4
462,54,3
463,75,5
463,46,4
463,42,3
463,53,4
463,57,4
463,45,4
463,1010,4
463,47,3
464,68,3
464,44,5
464,64,3
464,1010,4
464,74,3
464,59,5
465,52,2
465,51,5
465,49,3
465,62,3
465,1010,4
465,71,4
465,61,3
465,43,4
465,64,4
465,67,4
466,59,2
466,70,5
466,57,3
466,41,5
466,68,4
466,78,3
466,74,5
466,76,4
466,43,5
466,1011,3
467,41,5
467,67,4
467,54,4
467,56,2
467,45,5
468,1010,4
468,70,3
468,49,3
468,62,4
468,43,3
468,63,4
468,51,4
468,61,4
469,43,3
469,76,4
469,47,4
469,1010,4
469,66,4
469,52,4
469,42,3
470,41,4
470,73,4
470,70,5
470,44,4
470,59,3
470,45,5
471,75,2
471,52,4
471,45,4
471,80,4
471,41,5
471,74,3
471,1010,4
471,43,4
472,41,4
472,49,4
472,50,2
472,68,3
472,70,4
472,72,4
472,67,3
473,1010,4
473,65,3
473,51,4
473,75,4
473,54,5
473,41,5
473,43,4
473,45,4
474,61,3
474,44,3
474,75,5
474,79,4
474,57,4
474,52,4
474,41,4
474,43,5
475,70,4
475,45,4
475,57,4
475,54,5
475,42,4
475,76,2
475,1011,5
475,64,4
475,1008,2
476,74,5
476,45,4
476,44,5
476,41,5
476,1009,3
476,79,5
476,75,4
476,57,4
477,1010,4
477,46,3
477,45,4
477,56,2
477,67,4
477,57,4
477,80,3
477,1011,5
477,51,4
477,58,3
478,61,3
478,55,4
478,1010,3
478,53,3
478,57,4
479,76,3
479,51,3
479,75,5
479,1010,4
479,72,3
479,71,4
479,77,2
479,79,4
479,74,4
479,43,4
480,78,2
480,41,5
480,43,4
480,51,5
480,69,3
480,45,4
480,70,4
480,1010,5
480,57,3
480,62,4
481,75,2
481,65,3
481,57,4
481,55,3
481,70,4
481,48,2
481,46,2
482,53,4
482,77,3
482,45,5
482,70,4
482,61,4
482,69,4
482,47,3
482,41,5
482,1010,5
483,78,5
483,45,4
483,76,5
483,74,5
483,54,4
484,43,4
484,75,4
484,51,4
484,48,3
484,68,4
484,45,5
484,1008,4
484,74,3
484,58,3
484,52,5
485,69,3
485,45,5
485,1010,5
485,47,2
485,44,4
485,68,2
486,72,2
486,57,5
486,1010,4
486,41,5
486,1009,4
486,49,5
486,76,3
486,65,4
487,57,5
487,56,4
487,50,2
487,51,5
487,45,5
488,49,4
488,43,4
488,76,3
488,57,4
488,75,3
488,51,4
488,66,3
489,61,5
489,55,1
489,45,4
489,78,3
489,1010,4
489,56,5
489,70,4
489,58,5
489,57,5
489,62,2
490,1010,4
490,41,5
490,49,5
490,51,4
490,68,3
490,65,3
490,70,5
490,78,3
490,63,4
490,55,4
491,52,3
491,56,3
491,1008,4
491,65,3
491,1010,4
492,78,4
492,67,4
492,70,5
492,54,4
492,44,5
492,51,3
492,41,5
492,46,4
492,47,4
492,61,4
493,74,4
493,70,5
493,71,4
493,52,4
493,43,5
494,76,4
494,57,3
494,50,4
494,48,5
494,52,3
495,70,4
495,51,5
495,1010,4
495,50,4
495,45,5
495,41,5
495,48,4
495,42,4
496,45,4
496,74,5
496,1010,4
496,42,2
496,59,4
496,46,3
496,1008,5
496,43,4
497,44,4
497,1010,4
497,63,2
497,48,5
497,58,2
497,42,5
497,47,2
498,72,4
498,48,3
498,79,3
498,47,3
498,1011,4
499,70,4
499,67,3
499,1010,4
499,44,4
499,1009,3
500,1010,4
500,58,5
500,1009,3
500,41,4
500,64,2
500,70,4
500,54,3
500,43,5
500,74,3
500,72,4
501,1011,3
501,57,3
501,53,4
501,67,3
501,55,3
501,69,3
502,66,3
502,75,3
502,46,4
502,43,4
502,72,3
502,42,3
502,1010,4
502,70,4
502,55,3
503,54,5
503,1010,5
503,41,5
503,69,4
503,59,4
503,80,3
503,51,4
504,1011,4
504,43,5
504,70,4
504,50,4
504,1008,3
504,66,5
504,80,4
504,42,4
504,65,5
505,79,3
505,57,5
505,59,4
505,50,4
505,63,2
505,44,5
505,1010,3
505,55,4
505,41,5
506,53,2
506,80,2
506,62,5
506,1009,3
506,1011,3
506,79,4
506,55,4
506,54,2
506,70,4
506,75,3
507,59,3
507,1008,5
507,1010,4
507,65,2
507,43,4
507,69,4
507,67,2
507,70,5
507,41,5
508,57,4
508,45,4
508,74,3
508,43,4
508,73,3
508,68,4
509,70,4
509,43,5
509,77,3
509,53,3
509,41,5
509,73,4
509,47,5
509,1011,4
509,1009,4
509,80,3
510,70,4
510,79,3
510,43,5
510,41,4
510,57,5
511,51,5
511,78,3
511,1010,4
511,73,3
511,1009,4
511,48,4
511,45,5
511,47,4
511,41,4
512,44,4
512,51,5
512,77,3
512,1010,4
512,41,4
512,71,4
512,43,4
512,79,3
512,50,3
512,80,3
513,64,5
513,45,5
513,1010,3
513,71,2
513,69,4
513,70,4
514,58,4
514,41,4
514,51,4
514,79,2
514,67,3
514,64,4
514,56,4
514,44,5
515,52,3
515,79,3
515,76,2
515,70,3
515,48,4
515,45,4
515,43,4
516,1011,4
516,43,3
516,1009,3
516,55,3
516,50,4
517,63,4
517,41,5
517,43,4
517,66,3
517,61,2
517,1008,3
517,44,4
517,70,4
518,51,4
518,57,4
518,79,2
518,47,4
518,58,4
519,44,4
519,57,4
519,52,4
519,51,4
519,77,3
519,80,2
519,72,4
519,73,3
519,1009,3
519,45,4
520,62,3
520,64,4
520,70,4
520,1010,4
520,43,5
520,45,5
520,41,4
521,54,4
521,53,3
521,46,2
521,43,4
521,45,5
521,41,5
521,1008,3
522,67,4
522,54,1
522,79,4
522,51,5
522,46,1
522,45,5
523,51,4
523,57,5
523,1010,4
523,74,4
523,62,2
524,1010,4
524,70,4
524,76,3
524,45,3
524,51,4
524,44,4
524,52,4
524,42,4
524,77,3
524,78,3
525,62,2
525,70,5
525,51,5
525,1009,4
525,45,5
525,42,4
525,1008,2
525,46,3
525,80,2
525,57,4
526,43,4
526,44,5
526,41,4
526,65,4
526,55,4
526,63,4
527,41,4
527,64,4
527,57,5
527,70,5
527,45,4
527,1011,4
527,68,3
527,44,4
527,50,3
528,45,4
528,58,3
528,72,4
528,41,4
528,77,3
528,70,4
529,54,3
529,49,3
529,53,5
529,70,5
529,44,4
529,68,3
529,80,4
529,69,4
530,55,4
530,57,5
530,1011,3
530,51,4
530,70,5
530,75,3
530,54,2
530,41,5
530,61,2
530,50,4
531,51,4
531,44,4
531,43,4
531,64,4
531,71,4
531,69,4
531,54,3
531,57,4
531,45,5
531,68,5
532,69,2
532,55,3
532,1009,3
532,78,3
532,1008,4
532,43,4
532,73,3
532,52,2
532,77,3
532,41,4
533,70,3
533,1008,4
533,1010,2
533,53,4
533,64,3
534,66,5
534,59,5
534,49,3
534,79,3
534,43,5
535,73,3
535,68,5
535,72,5
535,1008,3
535,46,3
535,71,4
536,77,4
536,42,3
536,45,3
536,41,4
536,70,4
536,51,3
536,1010,4
536,46,2
536,72,3
536,73,2
537,1010,5
537,75,4
537,52,3
537,61,3
537,65,3
537,63,3
537,70,4
537,43,4
537,58,3
538,64,4
538,57,4
538,1010,4
538,62,2
538,43,3
539,51,5
539,50,3
539,57,4
539,41,5
539,47,4
539,73,1
540,48,3
540,58,2
540,57,4
540,41,4
540,62,4
541,75,3
541,57,4
541,48,4
541,58,3
541,62,4
541,56,4
541,51,5
541,69,4
541,80,4
542,1011,1
542,55,3
542,1010,5
542,61,1
542,80,4
542,57,4
542,48,3
542,44,4
542,42,2
543,55,3
543,75,4
543,43,5
543,47,4
543,42,4
543,73,3
543,44,5
543,59,2
544,44,3
544,73,2
544,67,4
544,51,5
544,70,4
544,1008,3
545,66,3
545,50,3
545,67,3
545,1011,2
545,77,3
545,51,4
546,68,3
546,72,4
546,73,4
546,78,3
546,70,2
547,79,3
547,54,4
547,42,3
547,76,3
547,70,5
547,1011,4
547,62,4
547,1009,5
547,59,4
548,1009,4
548,53,3
548,42,3
548,54,4
548,68,4
549,65,3
549,1010,4
549,80,4
549,41,4
549,44,5
549,1011,3
549,69,4
549,1008,2
549,45,4
550,1010,3
550,80,2
550,71,3
550,74,5
550,43,4
550,64,3
550,62,4
550,69,3
550,45,5
551,42,3
551,67,3
551,43,4
551,53,5
551,80,3
551,1008,4
551,76,3
551,45,4
552,1009,4
552,51,4
552,63,4
552,44,4
552,57,5
552,43,5
553,80,5
553,44,5
553,45,4
553,55,3
553,42,2
553,70,5
553,63,4
553,71,2
553,72,4
553,76,3
554,61,3
554,57,4
554,51,5
554,66,2
554,54,4
554,55,4
554,41,5
555,55,1
555,1010,3
555,78,4
555,54,4
555,52,3
555,76,4
555,43,5
556,78,2
556,47,5
556,79,5
556,70,5
556,77,2
556,67,3
557,44,5
557,77,5
557,1010,4
557,1011,3
557,63,5
557,42,3
557,73,5
557,61,4
557,70,4
558,41,4
558,59,4
558,63,3
558,1009,3
558,80,3
559,65,3
559,79,4
559,51,4
559,55,4
559,42,2
559,59,2
559,73,1
560,51,4
560,45,5
560,69,5
560,59,3
560,65,4
560,44,4
560,73,3
560,78,2
560,56,3
561,68,3
561,51,4
561,44,4
561,54,2
561,1010,5
561,77,3
561,45,5
561,65,4
562,53,2
562,41,5
562,46,3
562,69,4
562,70,3
562,62,4
562,67,3
562,68,5
562,76,2
562,51,4
563,69,3
563,47,3
563,74,4
563,43,4
563,41,5
563,65,3
563,51,4
563,64,3
563,58,4
563,1008,3
564,80,4
564,77,4
564,1011,4
564,69,2
564,43,4
564,1008,3
565,48,3
565,53,3
565,68,3
565,51,4
565,58,5
565,1008,4
565,44,4
565,61,4
565,46,3
566,55,3
566,80,1
566,64,3
566,75,3
566,78,3
566,43,4
566,51,5
566,77,3
566,72,4
566,63,2
567,1009,4
567,46,4
567,66,5
567,56,2
567,1010,4
567,51,4
567,47,3
567,73,2
567,75,4
568,59,4
568,1011,4
568,70,5
568,57,3
568,54,3
568,1009,3
568,43,4
568,74,3
569,59,3
569,56,4
569,62,3
569,1010,4
569,52,4
569,57,5
570,44,4
570,69,4
570,65,4
570,75,5
570,43,5
570,71,4
570,41,5
570,53,3
571,75,4
571,41,4
571,58,4
571,77,4
571,67,3
571,55,3
572,58,4
572,43,5
572,65,4
572,64,4
572,70,4
572,47,2
572,41,5
572,53,4
572,68,3
573,42,3
573,59,5
573,57,4
573,1011,2
573,64,3
573,41,5
573,68,5
574,1010,5
574,1008,4
574,59,4
574,57,5
574,54,4
574,72,4
574,45,4
575,45,5
575,43,4
575,42,5
575,70,5
575,77,4
575,1010,5
575,1008,5
575,73,4
575,63,3
576,41,4
576,72,4
576,51,3
576,73,4
576,44,4
576,53,4
577,47,1
577,77,3
577,51,4
577,69,4
577,42,3
577,1008,4
578,74,3
578,1010,4
578,75,3
578,70,4
578,45,4
578,41,5
578,43,4
578,44,3
578,51,4
579,1010,4
579,77,3
579,55,4
579,50,2
579,74,4
579,41,4
579,64,2
579,79,5
579,1008,3
580,52,4
580,43,4
580,77,5
580,58,3
580,47,4
580,59,3
581,47,4
581,56,3
581,63,4
581,72,3
581,1008,5
581,43,4
582,41,5
582,79,2
582,58,4
582,46,2
582,66,5
583,69,5
583,57,5
583,1008,5
583,43,5
583,79,3
583,41,5
583,78,5
584,64,4
584,78,4
584,74,3
584,43,4
584,70,4
584,77,4
584,45,5
585,58,3
585,45,4
585,41,5
585,61,3
585,43,4
585,48,2
585,49,3
586,73,2
586,55,4
586,57,5
586,1008,3
586,47,3
586,59,3
586,71,2
587,54,4
587,1011,3
587,75,4
587,1009,3
587,70,4
588,74,2
588,61,2
588,45,4
588,71,3
588,1010,5
588,57,4
588,44,5
588,62,5
588,75,3
589,43,4
589,44,4
589,1010,3
589,71,4
589,48,5
590,45,5
590,72,4
590,70,5
590,71,5
590,51,5
590,46,3
590,66,3
590,1011,3
590,54,3
591,1010,5
591,79,4
591,80,4
591,64,4
591,59,4
591,43,5
591,47,4
592,41,5
592,46,2
592,75,4
592,68,5
592,59,4
593,64,4
593,57,4
593,42,4
593,44,4
593,58,4
594,1009,2
594,67,4
594,50,4
594,57,4
594,1010,4
595,46,4
595,43,4
595,1010,4
595,1008,5
595,67,5
595,61,4
595,63,3
596,73,5
596,76,3
596,70,4
596,51,5
596,48,4
596,45,4
596,78,5
596,58,4
596,41,4
596,65,4
597,74,3
597,79,5
597,54,5
597,48,2
597,77,3
597,68,3
597,69,3
597,41,4
597,43,4
597,73,4
598,64,4
598,45,4
598,65,3
598,1010,5
598,47,3
598,43,4
598,49,3
598,63,2
598,57,4
598,70,5
599,70,3
599,57,4
599,74,3
599,50,3
599,51,5
599,1008,2
600,44,5
600,51,4
600,57,4
600,63,5
600,58,4
600,41,4
600,1011,4